<?xml version="1.0" encoding="UTF-8"?>
<project-private xmlns="http://www.netbeans.org/ns/project-private/1">
    <editor-bookmarks xmlns="http://www.netbeans.org/ns/editor-bookmarks/2" lastBookmarkId="0"/>
    <open-files xmlns="http://www.netbeans.org/ns/projectui-open-files/2">
        <group>
            <file>file:/C:/Users/mohit/OneDrive/Documents/NetBeansProjects/LessonBooking/src/lessonbooking/Feedbacks.java</file>
            <file>file:/C:/Users/mohit/OneDrive/Documents/NetBeansProjects/LessonBooking/src/lessonbooking/CommandInterface.java</file>
            <file>file:/C:/Users/mohit/OneDrive/Documents/NetBeansProjects/LessonBooking/src/lessonbooking/InvokerClass.java</file>
            <file>file:/C:/Users/mohit/OneDrive/Documents/NetBeansProjects/LessonBooking/src/lessonbooking/InstructorReport.java</file>
            <file>file:/C:/Users/mohit/OneDrive/Documents/NetBeansProjects/LessonBooking/src/lessonbooking/ManagingDirector.java</file>
            <file>file:/C:/Users/mohit/OneDrive/Documents/NetBeansProjects/LessonBooking/src/lessonbooking/LessonsData.java</file>
            <file>file:/C:/Users/mohit/OneDrive/Documents/NetBeansProjects/LessonBooking/src/lessonbooking/LessonReservations.java</file>
            <file>file:/C:/Users/mohit/OneDrive/Documents/NetBeansProjects/LessonBooking/src/lessonbooking/StudentReport.java</file>
            <file>file:/C:/Users/mohit/OneDrive/Documents/NetBeansProjects/LessonBooking/src/lessonbooking/Students.java</file>
            <file>file:/C:/Users/mohit/OneDrive/Documents/NetBeansProjects/LessonBooking/src/lessonbooking/LessonBookingMainClass.java</file>
            <file>file:/C:/Users/mohit/OneDrive/Documents/NetBeansProjects/LessonBooking/src/lessonbooking/Instructors.java</file>
            <file>file:/C:/Users/mohit/OneDrive/Documents/NetBeansProjects/LessonBooking/src/lessonbooking/SignedInUser.java</file>
        </group>
    </open-files>
</project-private>
